<?xml version="1.0" encoding="utf-8"?>
<VugenScriptMetadata>
  <ScriptName>DeleteMessage</ScriptName>
  <Protocol>Web - HTTP/HTML</Protocol>
  <ActionFiles>
    <FileEntry Name="vuser_init.c" Filter="2" />
    <FileEntry Name="Action.c" Filter="2" />
    <FileEntry Name="vuser_end.c" Filter="2" />
  </ActionFiles>
  <GeneralFiles>
    <FileEntry Name="DeleteMessage.usr" Filter="4" />
    <FileEntry Name="default.cfg" Filter="4" />
    <FileEntry Name="default.usp" Filter="4" />
    <FileEntry Name="DfeConfig\" Filter="4" />
    <FileEntry Name="DeleteMessage.prm" Filter="2" />
    <FileEntry Name="globals.h" Filter="2" />
    <FileEntry Name="WebSocketBuffer.h" Filter="2" />
    <FileEntry Name="WebSocketCB.c" Filter="2" />
    <FileEntry Name="LOGIN.dat" Filter="2" />
    <FileEntry Name="random.c" Filter="2" />
    <FileEntry Name="combined_DeleteMessage.c" Filter="2" />
    <FileEntry Name="pre_cci.c" Filter="2" />
    <FileEntry Name="222966170441.idx" Filter="1" />
    <FileEntry Name="Bookmarks.xml" Filter="1" />
    <FileEntry Name="Breakpoints.xml" Filter="1" />
    <FileEntry Name="CompilerLogMetadata.xml" Filter="1" />
    <FileEntry Name="data.zip" Filter="1" />
    <FileEntry Name="DeleteMessage.c.pickle" Filter="1" />
    <FileEntry Name="DeleteMessage.ci" Filter="1" />
    <FileEntry Name="DeleteMessage.prm.bak" Filter="1" />
    <FileEntry Name="logfile.log" Filter="1" />
    <FileEntry Name="mdrv.log" Filter="1" />
    <FileEntry Name="mdrv0Ds.171.log" Filter="1" />
    <FileEntry Name="mdrv0KM.597.log" Filter="1" />
    <FileEntry Name="mdrv0Ks.25.log" Filter="1" />
    <FileEntry Name="mdrv0ku.123.log" Filter="1" />
    <FileEntry Name="mdrv0nD.409.log" Filter="1" />
    <FileEntry Name="mdrv0oZ.549.log" Filter="1" />
    <FileEntry Name="mdrv0rQ.689.log" Filter="1" />
    <FileEntry Name="mdrv1JC.641.log" Filter="1" />
    <FileEntry Name="mdrv1OB.971.log" Filter="1" />
    <FileEntry Name="mdrv1rS.777.log" Filter="1" />
    <FileEntry Name="mdrv2Mm.383.log" Filter="1" />
    <FileEntry Name="mdrv2O7.539.log" Filter="1" />
    <FileEntry Name="mdrv2TR.11.log" Filter="1" />
    <FileEntry Name="mdrv3y1.671.log" Filter="1" />
    <FileEntry Name="mdrv3ZN.907.log" Filter="1" />
    <FileEntry Name="mdrv4n9.945.log" Filter="1" />
    <FileEntry Name="mdrv5M0.897.log" Filter="1" />
    <FileEntry Name="mdrv5Sf.89.log" Filter="1" />
    <FileEntry Name="mdrv6bX.175.log" Filter="1" />
    <FileEntry Name="mdrv6i2.601.log" Filter="1" />
    <FileEntry Name="mdrv6lT.505.log" Filter="1" />
    <FileEntry Name="mdrv76e.477.log" Filter="1" />
    <FileEntry Name="mdrv7Cv.737.log" Filter="1" />
    <FileEntry Name="mdrv7gT.73.log" Filter="1" />
    <FileEntry Name="mdrv7qU.403.log" Filter="1" />
    <FileEntry Name="mdrv8Kr.971.log" Filter="1" />
    <FileEntry Name="mdrv8Lc.349.log" Filter="1" />
    <FileEntry Name="mdrv8lg.21.log" Filter="1" />
    <FileEntry Name="mdrv8op.873.log" Filter="1" />
    <FileEntry Name="mdrv8pb.257.log" Filter="1" />
    <FileEntry Name="mdrv9S7.151.log" Filter="1" />
    <FileEntry Name="mdrv9SI.863.log" Filter="1" />
    <FileEntry Name="mdrva2e.637.log" Filter="1" />
    <FileEntry Name="mdrvaaP.257.log" Filter="1" />
    <FileEntry Name="mdrvAS6.99.log" Filter="1" />
    <FileEntry Name="mdrvayR.875.log" Filter="1" />
    <FileEntry Name="mdrvaYX.19.log" Filter="1" />
    <FileEntry Name="mdrvB2L.331.log" Filter="1" />
    <FileEntry Name="mdrvB5e.471.log" Filter="1" />
    <FileEntry Name="mdrvb9O.725.log" Filter="1" />
    <FileEntry Name="mdrvBTI.901.log" Filter="1" />
    <FileEntry Name="mdrvbTm.769.log" Filter="1" />
    <FileEntry Name="mdrvbUI.915.log" Filter="1" />
    <FileEntry Name="mdrvC3q.843.log" Filter="1" />
    <FileEntry Name="mdrvC4m.319.log" Filter="1" />
    <FileEntry Name="mdrvC5B.39.log" Filter="1" />
    <FileEntry Name="mdrvcA7.673.log" Filter="1" />
    <FileEntry Name="mdrvcBi.51.log" Filter="1" />
    <FileEntry Name="mdrvce5.429.log" Filter="1" />
    <FileEntry Name="mdrvcGq.717.log" Filter="1" />
    <FileEntry Name="mdrvChW.845.log" Filter="1" />
    <FileEntry Name="mdrvcpM.623.log" Filter="1" />
    <FileEntry Name="mdrvCPz.87.log" Filter="1" />
    <FileEntry Name="mdrvD3B.509.log" Filter="1" />
    <FileEntry Name="mdrvD6M.935.log" Filter="1" />
    <FileEntry Name="mdrvDbl.645.log" Filter="1" />
    <FileEntry Name="mdrvDd5.693.log" Filter="1" />
    <FileEntry Name="mdrvDdy.741.log" Filter="1" />
    <FileEntry Name="mdrvdgg.47.log" Filter="1" />
    <FileEntry Name="mdrvdIq.991.log" Filter="1" />
    <FileEntry Name="mdrvdla.855.log" Filter="1" />
    <FileEntry Name="mdrvdmf.899.log" Filter="1" />
    <FileEntry Name="mdrvdO3.105.log" Filter="1" />
    <FileEntry Name="mdrvdph.377.log" Filter="1" />
    <FileEntry Name="mdrvE4r.845.log" Filter="1" />
    <FileEntry Name="mdrvEEr.877.log" Filter="1" />
    <FileEntry Name="mdrvFkP.397.log" Filter="1" />
    <FileEntry Name="mdrvFkv.969.log" Filter="1" />
    <FileEntry Name="mdrvfM5.507.log" Filter="1" />
    <FileEntry Name="mdrvGOC.101.log" Filter="1" />
    <FileEntry Name="mdrvGpE.295.log" Filter="1" />
    <FileEntry Name="mdrvgRK.119.log" Filter="1" />
    <FileEntry Name="mdrvgtg.15.log" Filter="1" />
    <FileEntry Name="mdrvGvq.339.log" Filter="1" />
    <FileEntry Name="mdrvgwt.453.log" Filter="1" />
    <FileEntry Name="mdrvHQD.285.log" Filter="1" />
    <FileEntry Name="mdrvHtU.809.log" Filter="1" />
    <FileEntry Name="mdrvHvj.427.log" Filter="1" />
    <FileEntry Name="mdrvHwn.949.log" Filter="1" />
    <FileEntry Name="mdrvI4C.611.log" Filter="1" />
    <FileEntry Name="mdrvi8x.203.log" Filter="1" />
    <FileEntry Name="mdrviHy.957.log" Filter="1" />
    <FileEntry Name="mdrvISr.43.log" Filter="1" />
    <FileEntry Name="mdrvIyP.707.log" Filter="1" />
    <FileEntry Name="mdrvIzv.281.log" Filter="1" />
    <FileEntry Name="mdrvJ0l.189.log" Filter="1" />
    <FileEntry Name="mdrvjAm.763.log" Filter="1" />
    <FileEntry Name="mdrvJCe.991.log" Filter="1" />
    <FileEntry Name="mdrvjeJ.99.log" Filter="1" />
    <FileEntry Name="mdrvJG7.139.log" Filter="1" />
    <FileEntry Name="mdrvJix.565.log" Filter="1" />
    <FileEntry Name="mdrvjjQ.619.log" Filter="1" />
    <FileEntry Name="mdrvK8n.645.log" Filter="1" />
    <FileEntry Name="mdrvKbj.505.log" Filter="1" />
    <FileEntry Name="mdrvkCV.375.log" Filter="1" />
    <FileEntry Name="mdrvki2.899.log" Filter="1" />
    <FileEntry Name="mdrvki4.41.log" Filter="1" />
    <FileEntry Name="mdrvKOF.37.log" Filter="1" />
    <FileEntry Name="mdrvKW6.219.log" Filter="1" />
    <FileEntry Name="mdrvKyH.217.log" Filter="1" />
    <FileEntry Name="mdrvL6H.547.log" Filter="1" />
    <FileEntry Name="mdrvLA8.591.log" Filter="1" />
    <FileEntry Name="mdrvLdq.689.log" Filter="1" />
    <FileEntry Name="mdrvlkb.797.log" Filter="1" />
    <FileEntry Name="mdrvLnY.609.log" Filter="1" />
    <FileEntry Name="mdrvlrt.421.log" Filter="1" />
    <FileEntry Name="mdrvlV2.143.log" Filter="1" />
    <FileEntry Name="mdrvMAo.203.log" Filter="1" />
    <FileEntry Name="mdrvMEF.63.log" Filter="1" />
    <FileEntry Name="mdrvMff.251.log" Filter="1" />
    <FileEntry Name="mdrvMiG.15.log" Filter="1" />
    <FileEntry Name="mdrvMio.253.log" Filter="1" />
    <FileEntry Name="mdrvmsm.695.log" Filter="1" />
    <FileEntry Name="mdrvmyw.503.log" Filter="1" />
    <FileEntry Name="mdrvn0E.497.log" Filter="1" />
    <FileEntry Name="mdrvNKS.101.log" Filter="1" />
    <FileEntry Name="mdrvNoI.9.log" Filter="1" />
    <FileEntry Name="mdrvnTG.259.log" Filter="1" />
    <FileEntry Name="mdrvo2x.109.log" Filter="1" />
    <FileEntry Name="mdrvo9S.397.log" Filter="1" />
    <FileEntry Name="mdrvoc4.61.log" Filter="1" />
    <FileEntry Name="mdrvOGf.241.log" Filter="1" />
    <FileEntry Name="mdrvOL5.711.log" Filter="1" />
    <FileEntry Name="mdrvOpd.87.log" Filter="1" />
    <FileEntry Name="mdrvOPn.571.log" Filter="1" />
    <FileEntry Name="mdrvOqM.583.log" Filter="1" />
    <FileEntry Name="mdrvOs1.955.log" Filter="1" />
    <FileEntry Name="mdrvOwM.237.log" Filter="1" />
    <FileEntry Name="mdrvozG.115.log" Filter="1" />
    <FileEntry Name="mdrvP1f.561.log" Filter="1" />
    <FileEntry Name="mdrvp7S.433.log" Filter="1" />
    <FileEntry Name="mdrvp7X.343.log" Filter="1" />
    <FileEntry Name="mdrvpDE.943.log" Filter="1" />
    <FileEntry Name="mdrvpjn.517.log" Filter="1" />
    <FileEntry Name="mdrvpZ5.853.log" Filter="1" />
    <FileEntry Name="mdrvq4w.283.log" Filter="1" />
    <FileEntry Name="mdrvqAA.231.log" Filter="1" />
    <FileEntry Name="mdrvQed.647.log" Filter="1" />
    <FileEntry Name="mdrvQRr.843.log" Filter="1" />
    <FileEntry Name="mdrvqTi.351.log" Filter="1" />
    <FileEntry Name="mdrvQTX.513.log" Filter="1" />
    <FileEntry Name="mdrvqXg.95.log" Filter="1" />
    <FileEntry Name="mdrvQxZ.275.log" Filter="1" />
    <FileEntry Name="mdrvQYK.417.log" Filter="1" />
    <FileEntry Name="mdrvrB4.661.log" Filter="1" />
    <FileEntry Name="mdrvrci.283.log" Filter="1" />
    <FileEntry Name="mdrvRY7.455.log" Filter="1" />
    <FileEntry Name="mdrvS6b.5.log" Filter="1" />
    <FileEntry Name="mdrvSaa.449.log" Filter="1" />
    <FileEntry Name="mdrvSfh.969.log" Filter="1" />
    <FileEntry Name="mdrvsnR.225.log" Filter="1" />
    <FileEntry Name="mdrvt4J.797.log" Filter="1" />
    <FileEntry Name="mdrvTb7.111.log" Filter="1" />
    <FileEntry Name="mdrvtEG.743.log" Filter="1" />
    <FileEntry Name="mdrvTEj.159.log" Filter="1" />
    <FileEntry Name="mdrvTfE.537.log" Filter="1" />
    <FileEntry Name="mdrvtGv.567.log" Filter="1" />
    <FileEntry Name="mdrvtJi.215.log" Filter="1" />
    <FileEntry Name="mdrvTJl.775.log" Filter="1" />
    <FileEntry Name="mdrvtKb.361.log" Filter="1" />
    <FileEntry Name="mdrvtlL.981.log" Filter="1" />
    <FileEntry Name="mdrvTlN.983.log" Filter="1" />
    <FileEntry Name="mdrvto9.695.log" Filter="1" />
    <FileEntry Name="mdrvU5d.703.log" Filter="1" />
    <FileEntry Name="mdrvUFc.101.log" Filter="1" />
    <FileEntry Name="mdrvuql.307.log" Filter="1" />
    <FileEntry Name="mdrvut0.733.log" Filter="1" />
    <FileEntry Name="mdrvv43.299.log" Filter="1" />
    <FileEntry Name="mdrvVKe.851.log" Filter="1" />
    <FileEntry Name="mdrvVoN.809.log" Filter="1" />
    <FileEntry Name="mdrvvRe.443.log" Filter="1" />
    <FileEntry Name="mdrvvTB.347.log" Filter="1" />
    <FileEntry Name="mdrvvUz.723.log" Filter="1" />
    <FileEntry Name="mdrvvxD.109.log" Filter="1" />
    <FileEntry Name="mdrvvYB.11.log" Filter="1" />
    <FileEntry Name="mdrvvzp.777.log" Filter="1" />
    <FileEntry Name="mdrvvzv.631.log" Filter="1" />
    <FileEntry Name="mdrvW0j.275.log" Filter="1" />
    <FileEntry Name="mdrvW31.125.log" Filter="1" />
    <FileEntry Name="mdrvw4F.103.log" Filter="1" />
    <FileEntry Name="mdrvw6G.433.log" Filter="1" />
    <FileEntry Name="mdrvw6K.147.log" Filter="1" />
    <FileEntry Name="mdrvwKH.979.log" Filter="1" />
    <FileEntry Name="mdrvwYb.671.log" Filter="1" />
    <FileEntry Name="mdrvX1v.319.log" Filter="1" />
    <FileEntry Name="mdrvx6M.287.log" Filter="1" />
    <FileEntry Name="mdrvx91.1.log" Filter="1" />
    <FileEntry Name="mdrvXdR.133.log" Filter="1" />
    <FileEntry Name="mdrvXVt.221.log" Filter="1" />
    <FileEntry Name="mdrvxwO.951.log" Filter="1" />
    <FileEntry Name="mdrvY5t.599.log" Filter="1" />
    <FileEntry Name="mdrvY6O.783.log" Filter="1" />
    <FileEntry Name="mdrvyCg.955.log" Filter="1" />
    <FileEntry Name="mdrvye4.137.log" Filter="1" />
    <FileEntry Name="mdrvyga.893.log" Filter="1" />
    <FileEntry Name="mdrvyO4.375.log" Filter="1" />
    <FileEntry Name="mdrvYPV.735.log" Filter="1" />
    <FileEntry Name="mdrvyPY.357.log" Filter="1" />
    <FileEntry Name="mdrvZCj.681.log" Filter="1" />
    <FileEntry Name="mdrvzFY.699.log" Filter="1" />
    <FileEntry Name="mdrvzjz.35.log" Filter="1" />
    <FileEntry Name="mdrvZk6.353.log" Filter="1" />
    <FileEntry Name="mdrvzl4.79.log" Filter="1" />
    <FileEntry Name="mdrvzlI.841.log" Filter="1" />
    <FileEntry Name="mdrvzlo.415.log" Filter="1" />
    <FileEntry Name="mdrvZw9.303.log" Filter="1" />
    <FileEntry Name="mdrv_cmd.txt" Filter="1" />
    <FileEntry Name="NewScriptLetter2.prm.bak" Filter="1" />
    <FileEntry Name="options.txt" Filter="1" />
    <FileEntry Name="output.bak" Filter="1" />
    <FileEntry Name="output.txt" Filter="1" />
    <FileEntry Name="OutputColoringDatabase.json" Filter="1" />
    <FileEntry Name="PASSWORD.dat" Filter="1" />
    <FileEntry Name="ReplaySummaryReport.xml" Filter="1" />
    <FileEntry Name="ScriptUploadMetadata.xml" Filter="1" />
    <FileEntry Name="ThumbnailsCache.tmp" Filter="1" />
    <FileEntry Name="TransactionsData.db" Filter="1" />
    <FileEntry Name="UserTasks.xml" Filter="1" />
    <FileEntry Name="data\" Filter="1" />
    <FileEntry Name="result1\" Filter="1" />
  </GeneralFiles>
</VugenScriptMetadata>