<?xml version="1.0" encoding="utf-8"?>
<VugenScriptMetadata>
  <ScriptName>SendingMessages</ScriptName>
  <Protocol>Web - HTTP/HTML</Protocol>
  <ActionFiles>
    <FileEntry Name="vuser_init.c" Filter="2" />
    <FileEntry Name="Action.c" Filter="2" />
    <FileEntry Name="vuser_end.c" Filter="2" />
  </ActionFiles>
  <GeneralFiles>
    <FileEntry Name="SendingMessages.usr" Filter="4" />
    <FileEntry Name="default.cfg" Filter="4" />
    <FileEntry Name="default.usp" Filter="4" />
    <FileEntry Name="SendingMessages.prm" Filter="2" />
    <FileEntry Name="globals.h" Filter="2" />
    <FileEntry Name="WebSocketBuffer.h" Filter="2" />
    <FileEntry Name="WebSocketCB.c" Filter="2" />
    <FileEntry Name="CORRESPONDENTS.dat" Filter="2" />
    <FileEntry Name="LOGIN.dat" Filter="2" />
    <FileEntry Name="NAME_LOGIN.dat" Filter="2" />
    <FileEntry Name="random.c" Filter="2" />
    <FileEntry Name="Bookmarks.xml" Filter="1" />
    <FileEntry Name="Breakpoints.xml" Filter="1" />
    <FileEntry Name="CompilerLogMetadata.xml" Filter="1" />
    <FileEntry Name="data.zip" Filter="1" />
    <FileEntry Name="ID_MESSAG.dat" Filter="1" />
    <FileEntry Name="logfile.log" Filter="1" />
    <FileEntry Name="mdrv.log" Filter="1" />
    <FileEntry Name="mdrv0Ga.171.log" Filter="1" />
    <FileEntry Name="mdrv12Q.173.log" Filter="1" />
    <FileEntry Name="mdrv1Kt.113.log" Filter="1" />
    <FileEntry Name="mdrv1t4.447.log" Filter="1" />
    <FileEntry Name="mdrv2O7.539.log" Filter="1" />
    <FileEntry Name="mdrv2TV.869.log" Filter="1" />
    <FileEntry Name="mdrv326.865.log" Filter="1" />
    <FileEntry Name="mdrv44X.853.log" Filter="1" />
    <FileEntry Name="mdrv4ng.233.log" Filter="1" />
    <FileEntry Name="mdrv5cb.751.log" Filter="1" />
    <FileEntry Name="mdrv6hK.79.log" Filter="1" />
    <FileEntry Name="mdrv8Hp.495.log" Filter="1" />
    <FileEntry Name="mdrv8Il.781.log" Filter="1" />
    <FileEntry Name="mdrv9J3.679.log" Filter="1" />
    <FileEntry Name="mdrv9QU.393.log" Filter="1" />
    <FileEntry Name="mdrva4j.827.log" Filter="1" />
    <FileEntry Name="mdrva8X.687.log" Filter="1" />
    <FileEntry Name="mdrvB2r.903.log" Filter="1" />
    <FileEntry Name="mdrvB3l.281.log" Filter="1" />
    <FileEntry Name="mdrvb7C.461.log" Filter="1" />
    <FileEntry Name="mdrvb9O.725.log" Filter="1" />
    <FileEntry Name="mdrvbAd.483.log" Filter="1" />
    <FileEntry Name="mdrvBzi.191.log" Filter="1" />
    <FileEntry Name="mdrvC4F.751.log" Filter="1" />
    <FileEntry Name="mdrvC4y.89.log" Filter="1" />
    <FileEntry Name="mdrvD92.223.log" Filter="1" />
    <FileEntry Name="mdrvDB1.171.log" Filter="1" />
    <FileEntry Name="mdrvdDq.381.log" Filter="1" />
    <FileEntry Name="mdrvEHV.241.log" Filter="1" />
    <FileEntry Name="mdrvEin.639.log" Filter="1" />
    <FileEntry Name="mdrveKt.463.log" Filter="1" />
    <FileEntry Name="mdrveNa.177.log" Filter="1" />
    <FileEntry Name="mdrvenQ.677.log" Filter="1" />
    <FileEntry Name="mdrvepq.371.log" Filter="1" />
    <FileEntry Name="mdrves8.511.log" Filter="1" />
    <FileEntry Name="mdrvFFy.915.log" Filter="1" />
    <FileEntry Name="mdrvfj9.409.log" Filter="1" />
    <FileEntry Name="mdrvGeD.971.log" Filter="1" />
    <FileEntry Name="mdrvgUR.455.log" Filter="1" />
    <FileEntry Name="mdrvgUw.881.log" Filter="1" />
    <FileEntry Name="mdrvgxy.497.log" Filter="1" />
    <FileEntry Name="mdrvgyT.71.log" Filter="1" />
    <FileEntry Name="mdrvh3K.109.log" Filter="1" />
    <FileEntry Name="mdrvh6x.395.log" Filter="1" />
    <FileEntry Name="mdrvHtx.243.log" Filter="1" />
    <FileEntry Name="mdrvi5Q.299.log" Filter="1" />
    <FileEntry Name="mdrvIVI.755.log" Filter="1" />
    <FileEntry Name="mdrvIyP.707.log" Filter="1" />
    <FileEntry Name="mdrvJ4k.179.log" Filter="1" />
    <FileEntry Name="mdrvJUT.799.log" Filter="1" />
    <FileEntry Name="mdrvkCM.703.log" Filter="1" />
    <FileEntry Name="mdrvLA5.743.log" Filter="1" />
    <FileEntry Name="mdrvLdL.263.log" Filter="1" />
    <FileEntry Name="mdrvlE8.133.log" Filter="1" />
    <FileEntry Name="mdrvlKo.985.log" Filter="1" />
    <FileEntry Name="mdrvLMn.547.log" Filter="1" />
    <FileEntry Name="mdrvMBk.489.log" Filter="1" />
    <FileEntry Name="mdrvMEF.63.log" Filter="1" />
    <FileEntry Name="mdrvNGd.247.log" Filter="1" />
    <FileEntry Name="mdrvNGx.673.log" Filter="1" />
    <FileEntry Name="mdrvoc4.61.log" Filter="1" />
    <FileEntry Name="mdrvogH.969.log" Filter="1" />
    <FileEntry Name="mdrvOyR.427.log" Filter="1" />
    <FileEntry Name="mdrvpea.127.log" Filter="1" />
    <FileEntry Name="mdrvPr9.803.log" Filter="1" />
    <FileEntry Name="mdrvPWK.609.log" Filter="1" />
    <FileEntry Name="mdrvQ1a.795.log" Filter="1" />
    <FileEntry Name="mdrvq1a.859.log" Filter="1" />
    <FileEntry Name="mdrvq4w.283.log" Filter="1" />
    <FileEntry Name="mdrvqEs.91.log" Filter="1" />
    <FileEntry Name="mdrvQWK.81.log" Filter="1" />
    <FileEntry Name="mdrvS9R.255.log" Filter="1" />
    <FileEntry Name="mdrvuqv.879.log" Filter="1" />
    <FileEntry Name="mdrvusH.211.log" Filter="1" />
    <FileEntry Name="mdrvut4.593.log" Filter="1" />
    <FileEntry Name="mdrvw2c.859.log" Filter="1" />
    <FileEntry Name="mdrvw4e.675.log" Filter="1" />
    <FileEntry Name="mdrvWuV.657.log" Filter="1" />
    <FileEntry Name="mdrvwZJ.195.log" Filter="1" />
    <FileEntry Name="mdrvxbE.429.log" Filter="1" />
    <FileEntry Name="mdrvXwA.987.log" Filter="1" />
    <FileEntry Name="mdrvY6a.407.log" Filter="1" />
    <FileEntry Name="mdrvye4.137.log" Filter="1" />
    <FileEntry Name="mdrvypg.89.log" Filter="1" />
    <FileEntry Name="mdrvYrU.283.log" Filter="1" />
    <FileEntry Name="mdrvzBk.839.log" Filter="1" />
    <FileEntry Name="mdrvzF3.127.log" Filter="1" />
    <FileEntry Name="mdrvzi7.701.log" Filter="1" />
    <FileEntry Name="mdrvziG.365.log" Filter="1" />
    <FileEntry Name="mdrv_cmd.txt" Filter="1" />
    <FileEntry Name="MESSAG_TEXT.dat" Filter="1" />
    <FileEntry Name="NewScriptLitter.prm.bak" Filter="1" />
    <FileEntry Name="options.txt" Filter="1" />
    <FileEntry Name="output.bak" Filter="1" />
    <FileEntry Name="output.txt" Filter="1" />
    <FileEntry Name="OutputColoringDatabase.json" Filter="1" />
    <FileEntry Name="PASSWORD.dat" Filter="1" />
    <FileEntry Name="ReplaySummaryReport.xml" Filter="1" />
    <FileEntry Name="ScriptUploadMetadata.xml" Filter="1" />
    <FileEntry Name="SendingMessages.prm.bak" Filter="1" />
    <FileEntry Name="TEG_MESSAG.dat" Filter="1" />
    <FileEntry Name="ThumbnailsCache.tmp" Filter="1" />
    <FileEntry Name="TransactionsData.db" Filter="1" />
    <FileEntry Name="UserTasks.xml" Filter="1" />
    <FileEntry Name="data\" Filter="1" />
    <FileEntry Name="result1\" Filter="1" />
  </GeneralFiles>
</VugenScriptMetadata>